Date,Time,Crop,Stage,Confidence,Zone,Risk,Response
2026-10-05,20:18:14,rice,early,0.91,2,HIGH,ACTIVATE_DETERRENT
2026-10-05,21:49:04,rice,early,0.78,1,MEDIUM,MONITOR
2026-10-05,21:49:04,rice,early,0.82,1,HIGH,ACTIVATE_DETERRENT
2026-10-05,21:49:06,rice,early,0.55,1,MEDIUM,MONITOR
2026-10-05,21:49:06,rice,early,0.68,1,HIGH,ACTIVATE_DETERRENT
2026-10-05,21:49:06,rice,early,0.53,1,MEDIUM,MONITOR
2026-10-05,21:49:06,rice,early,0.7,1,HIGH,ACTIVATE_DETERRENT
2026-10-05,21:49:07,rice,early,0.55,1,MEDIUM,MONITOR
2026-10-05,21:49:07,rice,early,0.72,1,HIGH,ACTIVATE_DETERRENT
2026-10-05,21:49:07,rice,early,0.56,1,MEDIUM,MONITOR
2026-10-05,21:49:07,rice,early,0.64,1,HIGH,ACTIVATE_DETERRENT
2026-10-05,21:49:08,rice,early,0.56,1,MEDIUM,MONITOR
2026-10-05,21:49:08,rice,early,0.71,1,HIGH,ACTIVATE_DETERRENT
2026-10-05,21:49:08,rice,early,0.6,1,MEDIUM,MONITOR
2026-10-05,21:49:08,rice,early,0.85,1,HIGH,ACTIVATE_DETERRENT
2026-10-05,21:49:09,rice,early,0.58,1,MEDIUM,MONITOR
2026-10-05,21:49:09,rice,early,0.85,1,HIGH,ACTIVATE_DETERRENT
2026-10-05,21:49:09,rice,early,0.59,1,MEDIUM,MONITOR
2026-10-05,21:49:09,rice,early,0.72,1,HIGH,ACTIVATE_DETERRENT
2026-10-05,21:51:53,rice,early,0.78,1,MEDIUM,MONITOR
2026-10-05,21:51:53,rice,early,0.68,1,HIGH,ACTIVATE_DETERRENT
2026-10-05,21:51:54,rice,early,0.53,1,MEDIUM,MONITOR
2026-10-05,21:51:54,rice,early,0.76,1,HIGH,ACTIVATE_DETERRENT
2026-10-05,21:51:54,rice,early,0.57,1,MEDIUM,MONITOR
2026-10-05,21:51:55,rice,early,0.69,1,HIGH,ACTIVATE_DETERRENT
2026-10-05,21:51:56,rice,early,0.6,1,MEDIUM,MONITOR
2026-10-05,21:51:56,rice,early,0.71,1,HIGH,ACTIVATE_DETERRENT
2026-10-05,21:51:57,rice,early,0.59,1,MEDIUM,MONITOR
2026-10-05,21:51:57,rice,early,0.61,1,HIGH,ACTIVATE_DETERRENT
2026-10-05,21:51:57,rice,early,0.55,1,MEDIUM,MONITOR
2026-10-05,21:51:58,rice,early,0.66,1,HIGH,ACTIVATE_DETERRENT
2026-10-05,21:51:58,rice,early,0.49,1,MEDIUM,MONITOR
2026-10-05,21:51:59,rice,early,0.3,1,LOW,NO_ACTION
2026-10-05,21:52:00,rice,early,0.68,1,HIGH,ACTIVATE_DETERRENT
2026-10-05,21:52:02,rice,early,0.8,2,HIGH,ACTIVATE_DETERRENT
2026-10-05,21:52:07,rice,early,0.6,2,MEDIUM,MONITOR
2026-10-05,21:52:07,rice,early,0.74,2,HIGH,ACTIVATE_DETERRENT
2026-10-05,21:52:09,rice,early,0.52,2,MEDIUM,MONITOR
2026-10-05,21:52:09,rice,early,0.73,2,HIGH,ACTIVATE_DETERRENT
2026-10-05,21:52:10,rice,early,0.77,3,HIGH,ACTIVATE_DETERRENT
2026-10-05,21:52:10,rice,early,0.52,2,MEDIUM,MONITOR
2026-10-05,21:52:10,rice,early,0.5,3,MEDIUM,MONITOR
2026-10-05,21:52:11,rice,early,0.61,3,HIGH,ACTIVATE_DETERRENT
2026-10-05,21:52:11,rice,early,0.81,2,HIGH,ACTIVATE_DETERRENT
2026-10-05,21:52:12,rice,early,0.81,3,HIGH,ACTIVATE_DETERRENT
2026-10-05,21:52:13,rice,early,0.48,3,LOW,NO_ACTION
2026-10-05,21:52:13,rice,early,0.73,2,MEDIUM,MONITOR
2026-10-05,21:52:13,rice,early,0.8,2,HIGH,ACTIVATE_DETERRENT
2026-10-05,21:52:14,rice,early,0.57,2,MEDIUM,MONITOR
2026-10-05,21:52:14,rice,early,0.68,2,HIGH,ACTIVATE_DETERRENT
2026-10-05,21:52:14,rice,early,0.74,3,HIGH,ACTIVATE_DETERRENT
2026-10-05,21:52:14,rice,early,0.66,2,HIGH,ACTIVATE_DETERRENT
2026-10-05,21:52:15,rice,early,0.53,3,LOW,NO_ACTION
2026-10-05,21:52:15,rice,early,0.26,3,LOW,NO_ACTION
2026-10-05,21:52:16,rice,early,0.75,3,MEDIUM,MONITOR
2026-10-05,21:52:16,rice,early,0.78,2,MEDIUM,MONITOR
2026-10-05,21:52:16,rice,early,0.74,2,HIGH,ACTIVATE_DETERRENT
2026-10-05,21:52:17,rice,early,0.3,2,MEDIUM,MONITOR
2026-10-05,21:52:18,rice,early,0.74,2,HIGH,ACTIVATE_DETERRENT
2026-10-05,21:52:18,rice,early,0.58,2,MEDIUM,MONITOR
2026-10-05,21:52:18,rice,early,0.67,2,HIGH,ACTIVATE_DETERRENT
2026-10-05,21:52:18,rice,early,0.43,2,MEDIUM,MONITOR
2026-10-05,21:52:18,rice,early,0.71,2,HIGH,ACTIVATE_DETERRENT
2026-10-05,21:52:20,rice,early,0.54,2,MEDIUM,MONITOR
2026-10-05,21:52:20,rice,early,0.84,2,HIGH,ACTIVATE_DETERRENT
2026-10-05,21:52:20,rice,early,0.59,2,MEDIUM,MONITOR
2026-10-05,21:52:20,rice,early,0.74,2,HIGH,ACTIVATE_DETERRENT
2026-10-05,21:52:20,rice,early,0.58,2,MEDIUM,MONITOR
2026-10-05,21:52:21,rice,early,0.31,3,LOW,NO_ACTION
2026-10-05,21:52:21,rice,early,0.8,3,HIGH,ACTIVATE_DETERRENT
2026-10-05,21:52:21,rice,early,0.45,2,LOW,NO_ACTION
2026-10-05,21:52:21,rice,early,0.61,2,MEDIUM,MONITOR
2026-10-05,21:52:22,rice,early,0.87,2,HIGH,ACTIVATE_DETERRENT
2026-10-05,21:52:22,rice,early,0.68,3,HIGH,ACTIVATE_DETERRENT
2026-10-05,21:52:23,rice,early,0.41,3,MEDIUM,MONITOR
2026-10-05,21:52:23,rice,early,0.35,3,LOW,NO_ACTION
2026-10-05,21:52:23,rice,early,0.75,3,MEDIUM,MONITOR
2026-10-05,21:52:23,rice,early,0.71,3,HIGH,ACTIVATE_DETERRENT
2026-10-05,21:52:24,rice,early,0.69,3,MEDIUM,MONITOR
2026-10-05,21:52:24,rice,early,0.55,3,LOW,NO_ACTION
2026-10-05,21:52:24,rice,early,0.58,3,MEDIUM,MONITOR
2026-10-05,21:52:24,rice,early,0.79,3,HIGH,ACTIVATE_DETERRENT
2026-10-05,21:52:24,rice,early,0.55,3,MEDIUM,MONITOR
2026-10-05,21:52:25,rice,early,0.74,3,HIGH,ACTIVATE_DETERRENT
2026-10-05,21:52:25,rice,early,0.76,2,HIGH,ACTIVATE_DETERRENT
2026-10-05,21:52:25,rice,early,0.37,2,MEDIUM,MONITOR
2026-10-05,21:52:26,rice,early,0.71,2,HIGH,ACTIVATE_DETERRENT
2026-10-05,21:52:26,rice,early,0.78,3,HIGH,ACTIVATE_DETERRENT
2026-10-05,21:52:26,rice,early,0.48,3,MEDIUM,MONITOR
2026-10-05,21:52:26,rice,early,0.73,3,HIGH,ACTIVATE_DETERRENT
2026-10-06,12:33:15,rice,early,0.65,2,MEDIUM,MONITOR
2026-10-06,12:33:15,rice,early,0.44,2,LOW,NO_ACTION
2026-10-06,12:33:17,rice,early,0.39,2,LOW,NO_ACTION
2026-10-06,12:33:29,rice,early,0.26,1,LOW,NO_ACTION
2026-10-06,12:33:31,rice,early,0.47,1,LOW,NO_ACTION
2026-10-06,12:33:31,rice,early,0.44,1,MEDIUM,MONITOR
2026-10-06,12:33:31,rice,early,0.54,1,LOW,NO_ACTION
2026-10-06,12:33:31,rice,early,0.47,1,LOW,NO_ACTION
2026-10-06,12:33:31,rice,early,0.31,2,LOW,NO_ACTION
2026-10-06,12:33:32,rice,early,0.35,1,LOW,NO_ACTION
2026-10-06,12:33:32,rice,early,0.38,1,MEDIUM,MONITOR
2026-10-06,12:33:32,rice,early,0.62,1,HIGH,ACTIVATE_DETERRENT
2026-10-06,12:33:34,rice,early,0.82,2,HIGH,ACTIVATE_DETERRENT
2026-10-06,12:33:36,rice,early,0.6,2,MEDIUM,MONITOR
2026-10-06,12:33:36,rice,early,0.64,2,HIGH,ACTIVATE_DETERRENT
2026-10-06,12:33:38,rice,early,0.65,2,MEDIUM,MONITOR
2026-10-06,12:33:38,rice,early,0.66,2,HIGH,ACTIVATE_DETERRENT
2026-10-06,12:33:40,rice,early,0.69,3,HIGH,ACTIVATE_DETERRENT
2026-10-06,12:33:40,rice,early,0.7,2,HIGH,ACTIVATE_DETERRENT
2026-10-06,12:33:40,rice,early,0.62,2,MEDIUM,MONITOR
2026-10-06,12:33:40,rice,early,0.59,2,LOW,NO_ACTION
2026-10-06,12:33:40,rice,early,0.65,2,HIGH,ACTIVATE_DETERRENT
2026-10-06,12:33:42,rice,early,0.56,2,MEDIUM,MONITOR
2026-10-06,12:33:43,rice,early,0.6,2,HIGH,ACTIVATE_DETERRENT
2026-10-06,12:33:43,rice,early,0.58,2,MEDIUM,MONITOR
2026-10-06,12:33:43,rice,early,0.62,2,HIGH,ACTIVATE_DETERRENT
2026-10-06,12:33:43,rice,early,0.66,3,HIGH,ACTIVATE_DETERRENT
2026-10-06,12:33:44,rice,early,0.56,2,MEDIUM,MONITOR
2026-10-06,12:33:44,rice,early,0.52,3,MEDIUM,MONITOR
2026-10-06,12:33:44,rice,early,0.52,2,MEDIUM,MONITOR
2026-10-06,12:33:44,rice,early,0.27,3,LOW,NO_ACTION
2026-10-06,12:33:44,rice,early,0.48,3,MEDIUM,MONITOR
2026-10-06,12:33:44,rice,early,0.29,3,LOW,NO_ACTION
2026-10-06,12:33:45,rice,early,0.53,3,LOW,NO_ACTION
2026-10-06,12:33:45,rice,early,0.3,3,LOW,NO_ACTION
2026-10-06,12:33:45,rice,early,0.7,2,MEDIUM,MONITOR
2026-10-06,12:33:46,rice,early,0.7,2,HIGH,ACTIVATE_DETERRENT
2026-10-06,12:33:46,rice,early,0.59,2,MEDIUM,MONITOR
2026-10-06,12:33:46,rice,early,0.5,3,MEDIUM,MONITOR
2026-10-06,12:33:46,rice,early,0.56,2,MEDIUM,MONITOR
2026-10-06,12:34:13,rice,early,0.31,2,LOW,NO_ACTION
2026-10-06,12:34:13,rice,early,0.45,2,MEDIUM,MONITOR
2026-10-06,12:34:13,rice,early,0.27,2,LOW,NO_ACTION
2026-10-06,12:34:14,rice,early,0.3,2,LOW,NO_ACTION
2026-10-06,12:34:14,rice,early,0.29,2,MEDIUM,MONITOR
2026-10-06,12:34:15,rice,early,0.61,2,HIGH,ACTIVATE_DETERRENT
2026-10-06,12:34:15,rice,early,0.55,2,MEDIUM,MONITOR
2026-10-06,12:34:17,rice,early,0.6,2,HIGH,ACTIVATE_DETERRENT
2026-10-06,12:34:17,rice,early,0.59,2,MEDIUM,MONITOR
2026-10-06,12:34:17,rice,early,0.48,1,MEDIUM,MONITOR
2026-10-06,12:34:17,rice,early,0.61,1,HIGH,ACTIVATE_DETERRENT
2026-10-06,12:34:18,rice,early,0.75,2,HIGH,ACTIVATE_DETERRENT
2026-10-06,12:34:18,rice,early,0.71,1,HIGH,ACTIVATE_DETERRENT
2026-10-06,12:34:18,rice,early,0.7,2,HIGH,ACTIVATE_DETERRENT
2026-10-06,12:34:18,rice,early,0.73,1,HIGH,ACTIVATE_DETERRENT
2026-10-06,12:34:20,rice,early,0.53,2,MEDIUM,MONITOR
2026-10-06,12:34:20,rice,early,0.62,2,HIGH,ACTIVATE_DETERRENT
2026-10-06,12:34:23,rice,early,0.43,2,LOW,NO_ACTION
2026-10-06,12:34:23,rice,early,0.46,2,MEDIUM,MONITOR
2026-10-06,12:34:24,rice,early,0.35,2,LOW,NO_ACTION
2026-10-06,12:34:24,rice,early,0.57,2,MEDIUM,MONITOR
2026-10-06,12:34:24,rice,early,0.64,2,HIGH,ACTIVATE_DETERRENT
2026-10-06,12:34:25,rice,early,0.81,1,HIGH,ACTIVATE_DETERRENT
2026-10-06,12:34:26,rice,early,0.83,1,HIGH,ACTIVATE_DETERRENT
2026-10-06,12:34:26,rice,early,0.76,1,MEDIUM,MONITOR
2026-10-06,12:34:26,rice,early,0.8,1,HIGH,ACTIVATE_DETERRENT
2026-10-06,12:34:26,rice,early,0.81,2,HIGH,ACTIVATE_DETERRENT
2026-10-06,12:34:30,rice,early,0.56,2,MEDIUM,MONITOR
2026-10-06,12:34:30,rice,early,0.54,1,MEDIUM,MONITOR
2026-10-06,12:34:31,rice,early,0.68,1,HIGH,ACTIVATE_DETERRENT
2026-10-06,12:34:31,rice,early,0.8,2,HIGH,ACTIVATE_DETERRENT
2026-10-06,12:34:33,rice,early,0.85,3,HIGH,ACTIVATE_DETERRENT
2026-10-06,12:34:36,rice,early,0.74,3,MEDIUM,MONITOR
2026-10-06,12:34:36,rice,early,0.76,3,HIGH,ACTIVATE_DETERRENT
2026-10-06,13:43:44,rice,early,0.83,2,HIGH,ACTIVATE_DETERRENT
2026-10-06,13:43:45,rice,early,0.83,2,HIGH,ACTIVATE_DETERRENT
2026-10-06,13:43:47,rice,early,0.74,2,MEDIUM,MONITOR
2026-10-06,13:43:47,rice,early,0.81,2,HIGH,ACTIVATE_DETERRENT
2026-10-06,13:43:53,rice,early,0.32,3,LOW,NO_ACTION
2026-10-06,13:43:53,rice,early,0.6,3,HIGH,ACTIVATE_DETERRENT
2026-10-06,13:43:55,rice,early,0.8,3,MEDIUM,MONITOR
2026-10-06,13:43:55,rice,early,0.77,3,HIGH,ACTIVATE_DETERRENT
2026-10-06,13:43:56,rice,early,0.83,2,HIGH,ACTIVATE_DETERRENT
2026-10-06,13:44:06,rice,early,0.84,3,HIGH,ACTIVATE_DETERRENT
2026-10-06,13:44:09,rice,early,0.86,2,HIGH,ACTIVATE_DETERRENT
